테스트ID,1Depth,2Depth,3Depth (기능요소),단계별 작업 수행내용,예상 결과,우선순위,PASS/FAIL,비고
TS_01_001,공통,헤더,로고,로고 클릭,index.html로 이동,상,,
TS_01_002,공통,헤더,잔액 표시,잔액 정보 노출 확인,포인트 금액 표시,상,,
TS_01_003,공통,헤더,잔액 툴팁,잔액 영역 호버,포인트/마일리지 상세 툴팁 노출,중,,
TS_01_004,공통,헤더,충전하기 버튼,충전하기 버튼 클릭,payment-charge.html 이동,상,,
TS_01_005,공통,헤더,로그아웃 버튼,로그아웃 버튼 클릭,localStorage 초기화 + index.html 이동,상,,
TS_01_006,공통,네비게이션,문자발송 드롭다운,문자발송 메뉴 호버,서브메뉴 4개 노출,상,,
TS_01_007,공통,네비게이션,선거문자 드롭다운,선거문자 메뉴 호버,서브메뉴 2개 노출,상,,
TS_01_008,공통,네비게이션,카카오톡 드롭다운,카카오톡 발송 메뉴 호버,서브메뉴 5개 노출,상,,
TS_01_009,공통,네비게이션,발송관리 드롭다운,발송 관리 메뉴 호버,서브메뉴 2개 노출,상,,
TS_01_010,공통,네비게이션,주소록 드롭다운,주소록 메뉴 호버,서브메뉴 2개 노출,상,,
TS_01_011,공통,네비게이션,결제관리 드롭다운,결제 관리 메뉴 호버,서브메뉴 5개 노출,상,,
TS_01_012,공통,네비게이션,마이페이지 드롭다운,마이페이지 메뉴 호버,서브메뉴 3개 노출,상,,
TS_01_013,공통,네비게이션,고객센터 드롭다운,고객센터 메뉴 호버,서브메뉴 4개 노출,상,,
TS_01_014,공통,네비게이션,드롭다운 닫힘,메뉴 외부 클릭,드롭다운 메뉴 닫힘,중,,
TS_01_015,공통,네비게이션,활성 메뉴 표시,현재 페이지 메뉴,활성 상태 스타일 적용,중,,
TS_01_016,공통,플로팅 메뉴,토글 버튼,플로팅 버튼 클릭,메뉴 확장/축소 토글,중,,
TS_01_017,공통,플로팅 메뉴,일반문자 발송,일반문자 발송 클릭,message-send-general.html 이동,중,,
TS_01_018,공통,플로팅 메뉴,광고문자 발송,광고문자 발송 클릭,message-send-ad.html 이동,중,,
TS_01_019,공통,플로팅 메뉴,선거문자 발송,선거문자 발송 클릭,message-send-election.html 이동,중,,
TS_01_020,공통,플로팅 메뉴,알림톡 발송,알림톡 발송 클릭,kakao-send-alimtalk.html 이동,중,,
TS_01_021,공통,플로팅 메뉴,브랜드메시지,브랜드메시지 클릭,kakao-send-brandtalk.html 이동,중,,
TS_01_022,공통,플로팅 메뉴,이벤트,이벤트 클릭,support-event.html 이동,하,,
TS_01_023,공통,플로팅 메뉴,1:1 문의,1:1 문의 클릭,support-inquiry.html 이동,하,,
TS_01_024,공통,플로팅 메뉴,외부 클릭,메뉴 외부 클릭,플로팅 메뉴 닫힘,중,,
TS_01_025,공통,푸터,회사 정보,푸터 노출 확인,회사 정보 정상 표시,하,,
TS_02_001,인증,로그인,화면 노출,login.html 접근,로그인 폼 노출,상,,
TS_02_002,인증,로그인,아이디 입력 필드,아이디 필드 노출 확인,placeholder 아이디를 입력하세요,상,,
TS_02_003,인증,로그인,비밀번호 입력 필드,비밀번호 필드 노출 확인,type=password 마스킹,상,,
TS_02_004,인증,로그인,아이디 저장 체크박스,체크박스 노출 확인,아이디 저장 레이블,중,,
TS_02_005,인증,로그인,로그인 버튼,로그인 버튼 노출,버튼 활성화 상태,상,,
TS_02_006,인증,로그인,회원가입 버튼,회원가입 버튼 클릭,signup.html 이동,상,,
TS_02_007,인증,로그인,아이디 찾기 링크,아이디 찾기 클릭,아이디 찾기 모달/페이지,중,,
TS_02_008,인증,로그인,비밀번호 찾기 링크,비밀번호 찾기 클릭,비밀번호 찾기 모달/페이지,중,,
TS_02_009,인증,로그인,로그인 성공,유효 정보로 로그인,main.html 이동 + localStorage 저장,상,,
TS_02_010,인증,로그인,아이디 미입력,아이디 빈 값으로 로그인,아이디를 입력해주세요 에러,상,,
TS_02_011,인증,로그인,비밀번호 미입력,비밀번호 빈 값으로 로그인,비밀번호를 입력해주세요 에러,상,,
TS_02_012,인증,로그인,아이디 저장 체크,체크 후 로그인 성공,localStorage에 아이디 저장,중,,
TS_02_013,인증,로그인,저장된 아이디 불러오기,재방문 시,저장된 아이디 자동 입력,중,,
TS_02_014,인증,로그인,Enter 키 로그인,비밀번호 필드에서 Enter,로그인 실행,중,,
TS_02_015,인증,회원가입,화면 노출,signup.html 접근,회원가입 폼 노출,상,,
TS_02_016,인증,회원가입,아이디(이메일) 필드,이메일 형식 입력,이메일 형식 검증,상,,
TS_02_017,인증,회원가입,비밀번호 필드,비밀번호 규칙 검증,8자 이상 + 특수문자 포함,상,,
TS_02_018,인증,회원가입,비밀번호 확인 필드,비밀번호 일치 검증,일치/불일치 피드백,상,,
TS_02_019,인증,회원가입,이름 필드,이름 입력,필수 항목 검증,상,,
TS_02_020,인증,회원가입,휴대폰 번호 필드,전화번호 형식 입력,전화번호 형식 검증,상,,
TS_02_021,인증,회원가입,전체 동의 체크박스,전체 동의 체크,모든 약관 체크됨,상,,
TS_02_022,인증,회원가입,필수 약관 동의,필수 약관만 체크,가입 가능,상,,
TS_02_023,인증,회원가입,약관 보기 링크,약관 보기 클릭,약관 내용 모달/페이지,중,,
TS_02_024,인증,회원가입,가입하기 버튼,유효 정보로 가입,가입 성공 + 로그인 페이지 이동,상,,
TS_02_025,인증,회원가입,이메일 형식 오류,잘못된 이메일 입력,이메일 형식 에러 메시지,상,,
TS_02_026,인증,회원가입,비밀번호 규칙 오류,짧은 비밀번호 입력,비밀번호 규칙 에러 메시지,상,,
TS_02_027,인증,회원가입,비밀번호 불일치,다른 비밀번호 확인 입력,불일치 에러 메시지,상,,
TS_03_001,메인,랜딩페이지,화면 노출,index.html 접근 (비로그인),서비스 소개 페이지 노출,상,,
TS_03_002,메인,랜딩페이지,로그인 버튼,로그인 버튼 노출,login.html 이동,상,,
TS_03_003,메인,랜딩페이지,회원가입 버튼,톡벨 가입하기 버튼,signup.html 이동,상,,
TS_03_004,메인,랜딩페이지,요금 탭 - 문자,문자 탭 클릭,SMS/LMS/MMS 요금 표시,중,,
TS_03_005,메인,랜딩페이지,요금 탭 - 카카오,카카오 탭 클릭,알림톡/브랜드메시지 요금 표시,중,,
TS_03_006,메인,랜딩페이지,요금 탭 - 선거문자,선거문자 탭 클릭,선거문자 요금 표시,중,,
TS_03_007,메인,대시보드,화면 노출,main.html 접근 (로그인),대시보드 노출,상,,
TS_03_008,메인,대시보드,환영 메시지,사용자명 포함 메시지,안녕하세요 OOO님!,중,,
TS_03_009,메인,대시보드,빠른발송-문자,문자 바로가기 클릭,message-send-general.html 이동,상,,
TS_03_010,메인,대시보드,빠른발송-알림톡,알림톡 바로가기 클릭,kakao-send-alimtalk.html 이동,상,,
TS_03_011,메인,대시보드,빠른발송-브랜드메시지,브랜드메시지 바로가기 클릭,kakao-send-brandtalk.html 이동,상,,
TS_03_012,메인,대시보드,발송성공률 게이지,게이지 차트 노출,성공률 % 애니메이션,상,,
TS_03_013,메인,대시보드,전체 발송 건수,통계 카드 노출,전체 발송 수 표시,상,,
TS_03_014,메인,대시보드,발송 성공 건수,통계 카드 노출,성공 건수 표시,상,,
TS_03_015,메인,대시보드,발송 실패 건수,통계 카드 노출,실패 건수 표시,상,,
TS_03_016,메인,대시보드,대기 건수,통계 카드 노출,대기 건수 표시,중,,
TS_03_017,메인,대시보드,발송중 건수,통계 카드 노출,발송중 건수 표시,중,,
TS_03_018,메인,대시보드,발송목록보기 버튼,발송 목록 보기 클릭,send-result.html 이동,상,,
TS_03_019,메인,대시보드,나의사용통계-누적발송,누적 발송 수 카드 클릭,send-result.html 이동,중,,
TS_03_020,메인,대시보드,나의사용통계-발송가능,SMS 발송 가능 수 카드 클릭,message-send-general.html 이동,중,,
TS_03_021,메인,대시보드,나의사용통계-발송주기,발송 주기 카드,발송 주기 정보 표시,하,,
TS_03_022,메인,대시보드,나의사용통계-고객수,관리 고객 수 카드 클릭,addressbook.html 이동,중,,
TS_03_023,메인,대시보드,상담신청 버튼,상담 신청서 작성하기 클릭,상담 신청 모달 오픈,중,,
TS_03_024,메인,대시보드,상담모달-회사명,회사명 필수 입력,필수 검증,중,,
TS_03_025,메인,대시보드,상담모달-담당자명,담당자명 필수 입력,필수 검증,중,,
TS_03_026,메인,대시보드,상담모달-연락처,연락처 필수 입력,전화번호 형식 검증,중,,
TS_03_027,메인,대시보드,상담모달-이메일,이메일 필수 입력,이메일 형식 검증,중,,
TS_03_028,메인,대시보드,상담모달-메시지유형,메시지 유형 체크박스,복수 선택 가능,중,,
TS_03_029,메인,대시보드,상담모달-예상발송량,예상 발송량 선택,드롭다운 선택,중,,
TS_03_030,메인,대시보드,상담모달-신청하기,신청하기 버튼 클릭,토스트 메시지 + 모달 닫힘,중,,
TS_03_031,메인,대시보드,상담모달-취소,취소 버튼 클릭,모달 닫힘,중,,
TS_03_032,메인,대시보드,상담모달-X닫기,X 버튼 클릭,모달 닫힘,중,,
TS_03_033,메인,대시보드,상담모달-ESC,ESC 키 입력,모달 닫힘,하,,
TS_03_034,메인,대시보드,배너-자동롤링,5초 대기,다음 배너로 전환,하,,
TS_03_035,메인,대시보드,배너-이전버튼,이전 화살표 클릭,이전 배너로 전환,하,,
TS_03_036,메인,대시보드,배너-다음버튼,다음 화살표 클릭,다음 배너로 전환,하,,
TS_03_037,메인,대시보드,배너-호버정지,배너 영역 마우스 오버,자동 롤링 정지,하,,
TS_03_038,메인,대시보드,공지사항 목록,공지사항 3개 노출,제목 + 날짜 표시,중,,
TS_03_039,메인,대시보드,공지사항 클릭,공지 제목 클릭,상세 페이지 이동,중,,
TS_03_040,메인,대시보드,공지사항 더보기,더보기 클릭,support-notice.html 이동,중,,
TS_03_041,메인,대시보드,잔액-포인트,포인트 잔액 표시,천 단위 콤마 포맷,상,,
TS_03_042,메인,대시보드,잔액-마일리지,마일리지 잔액 표시,천 단위 콤마 포맷,상,,
TS_03_043,메인,대시보드,충전하기 버튼,충전하기 버튼 클릭,payment-charge.html 이동,상,,
TS_03_044,메인,대시보드,메시지통계-SMS,SMS 비율 프로그레스바,퍼센트 표시,중,,
TS_03_045,메인,대시보드,메시지통계-LMS,LMS 비율 프로그레스바,퍼센트 표시,중,,
TS_03_046,메인,대시보드,메시지통계-MMS,MMS 비율 프로그레스바,퍼센트 표시,중,,
TS_03_047,메인,대시보드,메시지통계-알림톡,알림톡 비율 프로그레스바,퍼센트 표시,중,,
TS_03_048,메인,대시보드,메시지통계-브랜드,브랜드메시지 비율 프로그레스바,퍼센트 표시,중,,
TS_04_001,문자발송,일반문자 발송,탭메뉴-일반발송,일반문자 발송 탭 활성화,일반문자 발송 탭 active,상,,
TS_04_002,문자발송,일반문자 발송,탭메뉴-광고발송,광고문자 발송 탭 클릭,message-send-ad.html 이동,상,,
TS_04_003,문자발송,일반문자 발송,탭메뉴-일반템플릿,일반문자 템플릿 탭 클릭,template-message.html 이동,상,,
TS_04_004,문자발송,일반문자 발송,탭메뉴-광고템플릿,광고문자 템플릿 탭 클릭,template-message-ad.html 이동,상,,
TS_04_005,문자발송,일반문자 발송,발신번호 선택,발신번호 드롭다운,등록된 발신번호 목록,상,,
TS_04_006,문자발송,일반문자 발송,발신번호 등록 링크,발신번호 등록 클릭,mypage-caller-number.html 이동,중,,
TS_04_007,문자발송,일반문자 발송,메시지 입력,텍스트 입력,바이트 카운터 증가,상,,
TS_04_008,문자발송,일반문자 발송,바이트 카운터 (SMS),90바이트 이하 입력,SMS 00/90 바이트 표시,상,,
TS_04_009,문자발송,일반문자 발송,바이트 카운터 (LMS),90바이트 초과 입력,LMS 000/2000 바이트 표시,상,,
TS_04_010,문자발송,일반문자 발송,이미지 첨부 버튼,이미지 첨부 클릭,파일 선택 다이얼로그,상,,
TS_04_011,문자발송,일반문자 발송,이미지 미리보기,이미지 선택 후,이미지 썸네일 표시,상,,
TS_04_012,문자발송,일반문자 발송,이미지 삭제,이미지 X 버튼 클릭,이미지 제거,중,,
TS_04_013,문자발송,일반문자 발송,MMS 전환 안내,이미지 첨부 시,MMS 요금 안내,상,,
TS_04_014,문자발송,일반문자 발송,템플릿 불러오기 버튼,템플릿 불러오기 클릭,템플릿 선택 모달,상,,
TS_04_015,문자발송,일반문자 발송,템플릿 선택,템플릿 목록에서 선택,메시지 내용 자동 입력,상,,
TS_04_016,문자발송,일반문자 발송,템플릿 저장 버튼,템플릿으로 저장 클릭,템플릿 저장 모달,중,,
TS_04_017,문자발송,일반문자 발송,미리보기 영역,메시지 입력 시,실시간 미리보기 반영,상,,
TS_04_018,문자발송,일반문자 발송,수신자 직접입력 탭,직접입력 탭 클릭,직접입력 폼 노출,상,,
TS_04_019,문자발송,일반문자 발송,수신자 번호 입력,전화번호 입력,전화번호 형식 검증,상,,
TS_04_020,문자발송,일반문자 발송,수신자 추가 버튼,추가 버튼 클릭,수신자 목록에 추가,상,,
TS_04_021,문자발송,일반문자 발송,수신자 주소록 탭,주소록 탭 클릭,주소록 선택 영역 노출,상,,
TS_04_022,문자발송,일반문자 발송,주소록 그룹 선택,그룹 드롭다운 선택,그룹 내 연락처 표시,상,,
TS_04_023,문자발송,일반문자 발송,주소록 전체선택,전체 선택 체크,모든 연락처 선택,중,,
TS_04_024,문자발송,일반문자 발송,주소록 개별선택,개별 체크박스 선택,선택된 연락처만 추가,상,,
TS_04_025,문자발송,일반문자 발송,수신자 엑셀 탭,엑셀 업로드 탭 클릭,엑셀 업로드 영역 노출,상,,
TS_04_026,문자발송,일반문자 발송,엑셀 샘플 다운로드,샘플 다운로드 클릭,엑셀 샘플 파일 다운로드,중,,
TS_04_027,문자발송,일반문자 발송,엑셀 파일 업로드,엑셀 파일 선택,파싱 결과 표시,상,,
TS_04_028,문자발송,일반문자 발송,수신자 목록 테이블,수신자 추가 후,목록 테이블에 표시,상,,
TS_04_029,문자발송,일반문자 발송,수신자 개별 삭제,삭제 버튼 클릭,해당 수신자 제거,상,,
TS_04_030,문자발송,일반문자 발송,수신자 전체 삭제,전체 삭제 버튼 클릭,모든 수신자 제거,중,,
TS_04_031,문자발송,일반문자 발송,예상 비용 표시,수신자 추가 시,예상 발송 비용 계산,상,,
TS_04_032,문자발송,일반문자 발송,즉시발송 옵션,즉시 발송 라디오 선택,발송 버튼 활성화,상,,
TS_04_033,문자발송,일반문자 발송,예약발송 옵션,예약 발송 라디오 선택,날짜/시간 선택 영역 노출,상,,
TS_04_034,문자발송,일반문자 발송,예약 날짜 선택,날짜 선택,날짜 피커 동작,상,,
TS_04_035,문자발송,일반문자 발송,예약 시간 선택,시간 선택,시간 피커 동작,상,,
TS_04_036,문자발송,일반문자 발송,발송 버튼,발송 버튼 클릭,발송 확인 모달,상,,
TS_04_037,문자발송,일반문자 발송,발송 확인 모달,확인 버튼 클릭,발송 처리 + 결과 페이지,상,,
TS_04_038,문자발송,일반문자 발송,잔액 부족 알림,잔액 부족 시 발송,잔액 부족 알림,상,,
TS_04_039,문자발송,광고문자 발송,화면 노출,message-send-ad.html 접근,광고문자 발송 폼 노출,상,,
TS_04_040,문자발송,광고문자 발송,(광고) 자동삽입,메시지 입력 영역 확인,(광고) 문구 고정,상,,
TS_04_041,문자발송,광고문자 발송,수신거부 자동삽입,메시지 하단 확인,수신거부 번호 고정,상,,
TS_04_042,문자발송,광고문자 발송,야간발송 제한 안내,21시~08시 발송 시도,야간 발송 불가 안내,상,,
TS_04_043,문자발송,광고문자 발송,광고성 문구 규정 안내,안내 영역 확인,광고문자 규정 안내 표시,중,,
TS_04_044,문자발송,일반문자 템플릿,화면 노출,template-message.html 접근,템플릿 목록 노출,상,,
TS_04_045,문자발송,일반문자 템플릿,템플릿 등록 버튼,템플릿 등록 클릭,등록 모달 오픈,상,,
TS_04_046,문자발송,일반문자 템플릿,템플릿명 입력,템플릿명 입력,필수 입력 검증,상,,
TS_04_047,문자발송,일반문자 템플릿,템플릿 내용 입력,메시지 내용 입력,바이트 카운터 표시,상,,
TS_04_048,문자발송,일반문자 템플릿,템플릿 저장,저장 버튼 클릭,목록에 추가됨,상,,
TS_04_049,문자발송,일반문자 템플릿,템플릿 수정,수정 버튼 클릭,수정 모달 오픈,중,,
TS_04_050,문자발송,일반문자 템플릿,템플릿 삭제,삭제 버튼 클릭,삭제 확인 후 제거,중,,
TS_04_051,문자발송,일반문자 템플릿,템플릿 검색,검색어 입력,필터링된 결과,중,,
TS_04_052,문자발송,광고문자 템플릿,화면 노출,template-message-ad.html 접근,광고 템플릿 목록 노출,상,,
TS_04_053,문자발송,광고문자 템플릿,(광고) 자동포함,템플릿 등록 시,(광고) 문구 포함,상,,
TS_05_001,선거문자,선거문자 발송,탭메뉴-선거발송,선거문자 발송 탭 활성화,선거문자 발송 탭 active,상,,
TS_05_002,선거문자,선거문자 발송,탭메뉴-선거템플릿,선거문자 템플릿 탭 클릭,template-message-election.html 이동,상,,
TS_05_003,선거문자,선거문자 발송,화면 노출,message-send-election.html 접근,선거문자 발송 폼 노출,상,,
TS_05_004,선거문자,선거문자 발송,선거 안내문구,안내 영역 확인,선거문자 규정 안내,상,,
TS_05_005,선거문자,선거문자 발송,발신번호 선택,발신번호 드롭다운,인증된 발신번호 목록,상,,
TS_05_006,선거문자,선거문자 발송,후보자 정보 입력,후보자명 입력,필수 입력 검증,상,,
TS_05_007,선거문자,선거문자 발송,선거구 선택,선거구 드롭다운,선거구 목록,상,,
TS_05_008,선거문자,선거문자 발송,메시지 입력,텍스트 입력,바이트 카운터,상,,
TS_05_009,선거문자,선거문자 발송,발송시간 제한,제한 시간대 발송 시도,발송 불가 안내,상,,
TS_05_010,선거문자,선거문자 발송,수신자 입력,수신자 추가,수신자 목록에 추가,상,,
TS_05_011,선거문자,선거문자 발송,주소록 불러오기,주소록 탭 클릭,주소록 선택 영역,상,,
TS_05_012,선거문자,선거문자 발송,엑셀 업로드,엑셀 탭 클릭,엑셀 업로드 영역,상,,
TS_05_013,선거문자,선거문자 발송,발송 버튼,발송 버튼 클릭,발송 확인 모달,상,,
TS_05_014,선거문자,선거문자 템플릿,화면 노출,template-message-election.html 접근,선거 템플릿 목록,상,,
TS_05_015,선거문자,선거문자 템플릿,템플릿 등록,등록 버튼 클릭,등록 모달 오픈,상,,
TS_05_016,선거문자,선거문자 템플릿,템플릿 수정,수정 버튼 클릭,수정 모달 오픈,중,,
TS_05_017,선거문자,선거문자 템플릿,템플릿 삭제,삭제 버튼 클릭,삭제 확인 모달,중,,
TS_06_001,카카오톡 발송,알림톡 발송,프로필 미등록 상태,프로필 미등록 시 접근,kakao-send-alimtalk-before.html,상,,
TS_06_002,카카오톡 발송,알림톡 발송,프로필 등록 안내,안내 페이지 확인,발신프로필 등록 안내,상,,
TS_06_003,카카오톡 발송,알림톡 발송,프로필 등록 버튼,등록하기 버튼 클릭,kakao-profile-manage.html 이동,상,,
TS_06_004,카카오톡 발송,알림톡 발송,화면 노출 (프로필 있음),kakao-send-alimtalk.html 접근,알림톡 발송 폼 노출,상,,
TS_06_005,카카오톡 발송,알림톡 발송,발신프로필 선택,프로필 드롭다운,등록된 프로필 목록,상,,
TS_06_006,카카오톡 발송,알림톡 발송,템플릿 선택 드롭다운,템플릿 드롭다운,승인된 템플릿 목록,상,,
TS_06_007,카카오톡 발송,알림톡 발송,템플릿 미리보기,템플릿 선택 시,미리보기 영역 반영,상,,
TS_06_008,카카오톡 발송,알림톡 발송,변수 자동감지,템플릿 선택 시,#{변수} 입력필드 생성,상,,
TS_06_009,카카오톡 발송,알림톡 발송,변수값 입력,변수 필드에 입력,미리보기에 치환 반영,상,,
TS_06_010,카카오톡 발송,알림톡 발송,수신자 직접입력,전화번호 입력,수신자 목록에 추가,상,,
TS_06_011,카카오톡 발송,알림톡 발송,수신자 주소록,주소록 탭 클릭,주소록 선택 영역,상,,
TS_06_012,카카오톡 발송,알림톡 발송,수신자 엑셀,엑셀 탭 클릭,엑셀 업로드 영역,상,,
TS_06_013,카카오톡 발송,알림톡 발송,예상 비용,수신자 추가 시,예상 발송 비용 계산,상,,
TS_06_014,카카오톡 발송,알림톡 발송,발송 버튼,발송 버튼 클릭,발송 확인 모달,상,,
TS_06_015,카카오톡 발송,알림톡 발송,대체문자 설정,대체문자 체크,대체문자 입력 영역 노출,중,,
TS_06_016,카카오톡 발송,브랜드메시지 발송,미신청 상태,미신청 시 접근,kakao-send-brandtalk-before.html,상,,
TS_06_017,카카오톡 발송,브랜드메시지 발송,신청 안내,안내 페이지 확인,브랜드메시지 신청 안내,상,,
TS_06_018,카카오톡 발송,브랜드메시지 발송,화면 노출 (신청 완료),kakao-send-brandtalk.html 접근,브랜드메시지 발송 폼,상,,
TS_06_019,카카오톡 발송,브랜드메시지 발송,발신프로필 선택,프로필 드롭다운,등록된 프로필 목록,상,,
TS_06_020,카카오톡 발송,브랜드메시지 발송,템플릿 선택,템플릿 드롭다운,승인된 템플릿 목록,상,,
TS_06_021,카카오톡 발송,브랜드메시지 발송,버튼 설정-웹링크,웹링크 버튼 설정,URL 입력 필드,상,,
TS_06_022,카카오톡 발송,브랜드메시지 발송,버튼 설정-앱링크,앱링크 버튼 설정,스킴 URL 입력,중,,
TS_06_023,카카오톡 발송,브랜드메시지 발송,버튼 설정-배송조회,배송조회 버튼 설정,택배사/송장번호 입력,중,,
TS_06_024,카카오톡 발송,브랜드메시지 발송,이미지 첨부,이미지 선택,이미지 미리보기,상,,
TS_06_025,카카오톡 발송,브랜드메시지 발송,발송 버튼,발송 버튼 클릭,발송 확인 모달,상,,
TS_06_026,카카오톡 발송,발신프로필 관리,화면 노출,kakao-profile-manage.html 접근,프로필 목록 노출,상,,
TS_06_027,카카오톡 발송,발신프로필 관리,프로필 등록 버튼,새 프로필 등록 클릭,등록 모달/페이지,상,,
TS_06_028,카카오톡 발송,발신프로필 관리,프로필 상태 표시,목록 확인,검수중/승인/반려 상태,상,,
TS_06_029,카카오톡 발송,발신프로필 관리,프로필 상세보기,상세보기 클릭,프로필 상세 정보,중,,
TS_06_030,카카오톡 발송,발신프로필 관리,프로필 삭제,삭제 버튼 클릭,삭제 확인 모달,중,,
TS_06_031,카카오톡 발송,알림톡 템플릿,미등록 상태,프로필 미등록 시,template-alimtalk-before.html,상,,
TS_06_032,카카오톡 발송,알림톡 템플릿,화면 노출,template-alimtalk.html 접근,템플릿 목록 노출,상,,
TS_06_033,카카오톡 발송,알림톡 템플릿,상태 필터-전체,전체 필터 클릭,모든 템플릿 표시,중,,
TS_06_034,카카오톡 발송,알림톡 템플릿,상태 필터-대기,대기 필터 클릭,대기 상태만 표시,중,,
TS_06_035,카카오톡 발송,알림톡 템플릿,상태 필터-검수중,검수중 필터 클릭,검수중 상태만 표시,중,,
TS_06_036,카카오톡 발송,알림톡 템플릿,상태 필터-승인,승인 필터 클릭,승인 상태만 표시,중,,
TS_06_037,카카오톡 발송,알림톡 템플릿,상태 필터-반려,반려 필터 클릭,반려 상태만 표시,중,,
TS_06_038,카카오톡 발송,알림톡 템플릿,템플릿 등록 버튼,등록 버튼 클릭,template-alimtalk-register.html,상,,
TS_06_039,카카오톡 발송,알림톡 템플릿 등록,발신프로필 선택,프로필 드롭다운,등록된 프로필 목록,상,,
TS_06_040,카카오톡 발송,알림톡 템플릿 등록,템플릿 유형 선택,유형 라디오 선택,일반/채널추가형 등,상,,
TS_06_041,카카오톡 발송,알림톡 템플릿 등록,카테고리 선택,카테고리 드롭다운,카테고리 목록,상,,
TS_06_042,카카오톡 발송,알림톡 템플릿 등록,템플릿명 입력,템플릿명 입력,필수 입력 검증,상,,
TS_06_043,카카오톡 발송,알림톡 템플릿 등록,메시지 내용 입력,내용 입력,변수(#{}) 사용 가능,상,,
TS_06_044,카카오톡 발송,알림톡 템플릿 등록,버튼 추가,버튼 추가 클릭,버튼 설정 영역,중,,
TS_06_045,카카오톡 발송,알림톡 템플릿 등록,검수 신청 버튼,검수 신청 클릭,검수 신청 완료,상,,
TS_06_046,카카오톡 발송,브랜드메시지 템플릿,미등록 상태,미신청 시,template-brandtalk-before.html,상,,
TS_06_047,카카오톡 발송,브랜드메시지 템플릿,화면 노출,template-brandtalk.html 접근,템플릿 목록 노출,상,,
TS_06_048,카카오톡 발송,브랜드메시지 템플릿,템플릿 등록,등록 버튼 클릭,template-brandtalk-register.html,상,,
TS_06_049,카카오톡 발송,브랜드메시지 템플릿,템플릿 수정,수정 버튼 클릭,template-brandtalk-edit.html,중,,
TS_06_050,카카오톡 발송,브랜드메시지 템플릿,템플릿 삭제,삭제 버튼 클릭,삭제 확인 모달,중,,
TS_07_001,발송 관리,발송결과,탭메뉴-발송결과,발송결과 탭 활성화,발송결과 탭 active,상,,
TS_07_002,발송 관리,발송결과,탭메뉴-예약내역,예약내역 탭 클릭,send-reservation.html 이동,상,,
TS_07_003,발송 관리,발송결과,화면 노출,send-result.html 접근,발송결과 목록 노출,상,,
TS_07_004,발송 관리,발송결과,기간검색-시작일,시작일 선택,날짜 피커 동작,상,,
TS_07_005,발송 관리,발송결과,기간검색-종료일,종료일 선택,날짜 피커 동작,상,,
TS_07_006,발송 관리,발송결과,기간검색-오늘,오늘 버튼 클릭,당일로 설정,중,,
TS_07_007,발송 관리,발송결과,기간검색-1주일,1주일 버튼 클릭,최근 1주일로 설정,중,,
TS_07_008,발송 관리,발송결과,기간검색-1개월,1개월 버튼 클릭,최근 1개월로 설정,중,,
TS_07_009,발송 관리,발송결과,기간검색-3개월,3개월 버튼 클릭,최근 3개월로 설정,중,,
TS_07_010,발송 관리,발송결과,메시지유형 필터,유형 드롭다운 선택,SMS/LMS/MMS/알림톡/브랜드,상,,
TS_07_011,발송 관리,발송결과,발송상태 필터,상태 드롭다운 선택,성공/실패/대기/발송중,상,,
TS_07_012,발송 관리,발송결과,검색어 입력,수신번호 검색,검색 결과 필터링,상,,
TS_07_013,발송 관리,발송결과,검색 버튼,검색 버튼 클릭,조건에 맞는 결과 표시,상,,
TS_07_014,발송 관리,발송결과,초기화 버튼,초기화 버튼 클릭,검색 조건 초기화,중,,
TS_07_015,발송 관리,발송결과,결과 테이블,목록 테이블 확인,발송일시/유형/상태/수신자 표시,상,,
TS_07_016,발송 관리,발송결과,상세보기 버튼,상세보기 클릭,상세 모달/페이지,상,,
TS_07_017,발송 관리,발송결과,상세-발송내용,상세 모달 확인,발송 메시지 내용,상,,
TS_07_018,발송 관리,발송결과,상세-수신자목록,상세 모달 확인,수신자 번호 목록,상,,
TS_07_019,발송 관리,발송결과,상세-발송결과,상세 모달 확인,성공/실패 건수,상,,
TS_07_020,발송 관리,발송결과,엑셀다운로드 버튼,엑셀 다운로드 클릭,엑셀 파일 다운로드,중,,
TS_07_021,발송 관리,발송결과,페이지네이션-이전,이전 버튼 클릭,이전 페이지로 이동,중,,
TS_07_022,발송 관리,발송결과,페이지네이션-다음,다음 버튼 클릭,다음 페이지로 이동,중,,
TS_07_023,발송 관리,발송결과,페이지네이션-번호,페이지 번호 클릭,해당 페이지로 이동,중,,
TS_07_024,발송 관리,발송결과,건수 선택,건수 드롭다운,10/20/50/100건,중,,
TS_07_025,발송 관리,예약내역,탭메뉴-예약내역,예약내역 탭 활성화,예약내역 탭 active,상,,
TS_07_026,발송 관리,예약내역,화면 노출,send-reservation.html 접근,예약 목록 노출,상,,
TS_07_027,발송 관리,예약내역,기간검색,기간 선택,날짜 피커 동작,상,,
TS_07_028,발송 관리,예약내역,메시지유형 필터,유형 드롭다운 선택,필터링된 결과,중,,
TS_07_029,발송 관리,예약내역,결과 테이블,목록 테이블 확인,예약일시/유형/수신자수 표시,상,,
TS_07_030,발송 관리,예약내역,상세보기 버튼,상세보기 클릭,상세 모달,상,,
TS_07_031,발송 관리,예약내역,예약 수정 버튼,수정 버튼 클릭,수정 모달/페이지,상,,
TS_07_032,발송 관리,예약내역,수정-시간변경,예약 시간 수정,날짜/시간 피커,상,,
TS_07_033,발송 관리,예약내역,수정-내용변경,메시지 내용 수정,내용 수정 폼,중,,
TS_07_034,발송 관리,예약내역,수정 저장 버튼,저장 버튼 클릭,수정 완료,상,,
TS_07_035,발송 관리,예약내역,예약 취소 버튼,취소 버튼 클릭,취소 확인 모달,상,,
TS_07_036,발송 관리,예약내역,취소 확인,확인 버튼 클릭,예약 취소 완료,상,,
TS_07_037,발송 관리,예약내역,페이지네이션,페이지 이동,페이지 전환,중,,
TS_08_001,주소록,주소록 관리,탭메뉴-주소록관리,주소록 관리 탭 활성화,주소록 관리 탭 active,상,,
TS_08_002,주소록,주소록 관리,탭메뉴-수신거부,수신거부관리 탭 클릭,addressbook-reject.html 이동,상,,
TS_08_003,주소록,주소록 관리,화면 노출,addressbook.html 접근,주소록 목록 노출,상,,
TS_08_004,주소록,주소록 관리,그룹 목록,좌측 그룹 영역,그룹 목록 표시,상,,
TS_08_005,주소록,주소록 관리,그룹 추가 버튼,+ 추가 버튼 클릭,그룹 추가 모달,상,,
TS_08_006,주소록,주소록 관리,그룹명 입력,그룹명 입력,필수 입력 검증,상,,
TS_08_007,주소록,주소록 관리,그룹 저장,저장 버튼 클릭,그룹 목록에 추가,상,,
TS_08_008,주소록,주소록 관리,그룹 선택,그룹 클릭,우측에 연락처 목록 표시,상,,
TS_08_009,주소록,주소록 관리,그룹 메뉴 버튼,⋮ 버튼 클릭,그룹 메뉴 팝업,중,,
TS_08_010,주소록,주소록 관리,그룹 수정,수정 메뉴 클릭,그룹 수정 모달,중,,
TS_08_011,주소록,주소록 관리,그룹 삭제,삭제 메뉴 클릭,삭제 확인 모달,중,,
TS_08_012,주소록,주소록 관리,연락처 검색,검색어 입력,검색 결과 필터링,상,,
TS_08_013,주소록,주소록 관리,주소 추가 버튼,주소 추가 클릭,주소 추가 모달,상,,
TS_08_014,주소록,주소록 관리,주소추가-이름,이름 입력,필수 입력 검증,상,,
TS_08_015,주소록,주소록 관리,주소추가-전화번호,전화번호 입력,전화번호 형식 검증,상,,
TS_08_016,주소록,주소록 관리,주소추가-그룹,그룹 선택,그룹 드롭다운,중,,
TS_08_017,주소록,주소록 관리,주소 저장,저장 버튼 클릭,연락처 목록에 추가,상,,
TS_08_018,주소록,주소록 관리,엑셀 업로드 버튼,엑셀 업로드 클릭,파일 선택 다이얼로그,상,,
TS_08_019,주소록,주소록 관리,엑셀 샘플 다운로드,샘플파일 클릭,샘플 엑셀 다운로드,중,,
TS_08_020,주소록,주소록 관리,엑셀 업로드 결과,파일 업로드 후,성공/실패 건수 표시,상,,
TS_08_021,주소록,주소록 관리,문자 보내기 버튼,문자 보내기 클릭,발송 페이지 이동 (선택된 연락처),상,,
TS_08_022,주소록,주소록 관리,연락처 테이블,목록 테이블 확인,이름/전화번호/그룹 표시,상,,
TS_08_023,주소록,주소록 관리,연락처 전체선택,전체 선택 체크,모든 연락처 선택,중,,
TS_08_024,주소록,주소록 관리,연락처 개별선택,개별 체크박스,해당 연락처 선택,중,,
TS_08_025,주소록,주소록 관리,연락처 수정,수정 버튼 클릭,수정 모달,중,,
TS_08_026,주소록,주소록 관리,연락처 삭제,삭제 버튼 클릭,삭제 확인 모달,중,,
TS_08_027,주소록,주소록 관리,페이지네이션,페이지 이동,페이지 전환,중,,
TS_08_028,주소록,수신거부관리,탭메뉴-수신거부,수신거부관리 탭 활성화,수신거부관리 탭 active,상,,
TS_08_029,주소록,수신거부관리,화면 노출,addressbook-reject.html 접근,수신거부 목록 노출,상,,
TS_08_030,주소록,수신거부관리,기간검색,기간 선택,날짜 피커 동작,중,,
TS_08_031,주소록,수신거부관리,검색어 입력,번호 검색,검색 결과 필터링,중,,
TS_08_032,주소록,수신거부관리,수신거부 추가 버튼,추가 버튼 클릭,추가 모달,상,,
TS_08_033,주소록,수신거부관리,추가-전화번호,전화번호 입력,전화번호 형식 검증,상,,
TS_08_034,주소록,수신거부관리,추가 저장,추가 버튼 클릭,목록에 추가,상,,
TS_08_035,주소록,수신거부관리,엑셀 업로드,엑셀 업로드 클릭,파일 선택 다이얼로그,중,,
TS_08_036,주소록,수신거부관리,결과 테이블,목록 테이블 확인,번호/등록일시 표시,상,,
TS_08_037,주소록,수신거부관리,개별 삭제,삭제 버튼 클릭,삭제 확인 모달,상,,
TS_08_038,주소록,수신거부관리,전체선택,전체 선택 체크,모든 항목 선택,중,,
TS_08_039,주소록,수신거부관리,선택 삭제,선택 삭제 버튼 클릭,선택된 항목 삭제,중,,
TS_08_040,주소록,수신거부관리,엑셀 다운로드,엑셀 다운로드 클릭,엑셀 파일 다운로드,중,,
TS_09_001,결제 관리,충전하기,탭메뉴-충전하기,충전하기 탭 활성화,충전하기 탭 active,상,,
TS_09_002,결제 관리,충전하기,탭메뉴-충전내역,충전 내역 탭 클릭,payment-history.html 이동,상,,
TS_09_003,결제 관리,충전하기,탭메뉴-환불,환불 탭 클릭,payment-refund.html 이동,상,,
TS_09_004,결제 관리,충전하기,탭메뉴-세금계산서,세금계산서 발행 탭 클릭,payment-tax.html 이동,상,,
TS_09_005,결제 관리,충전하기,화면 노출,payment-charge.html 접근,충전 폼 노출,상,,
TS_09_006,결제 관리,충전하기,금액 선택-1만원,1만원 버튼 클릭,충전 금액 10000원 설정,상,,
TS_09_007,결제 관리,충전하기,금액 선택-3만원,3만원 버튼 클릭,충전 금액 30000원 설정,상,,
TS_09_008,결제 관리,충전하기,금액 선택-5만원,5만원 버튼 클릭,충전 금액 50000원 설정,상,,
TS_09_009,결제 관리,충전하기,금액 선택-10만원,10만원 버튼 클릭,충전 금액 100000원 설정,상,,
TS_09_010,결제 관리,충전하기,금액 직접입력,금액 직접 입력,입력 금액 설정,상,,
TS_09_011,결제 관리,충전하기,결제수단-신용카드,신용카드 선택,신용카드 결제 영역,상,,
TS_09_012,결제 관리,충전하기,결제수단-계좌이체,실시간계좌이체 선택,계좌이체 결제 영역,상,,
TS_09_013,결제 관리,충전하기,결제수단-가상계좌,가상계좌 선택,가상계좌 발급 영역,상,,
TS_09_014,결제 관리,충전하기,결제 버튼,결제하기 버튼 클릭,결제 프로세스 시작,상,,
TS_09_015,결제 관리,충전하기,결제 완료,결제 완료 후,완료 메시지 + 잔액 업데이트,상,,
TS_09_016,결제 관리,충전 내역,탭메뉴-충전내역,충전 내역 탭 활성화,충전 내역 탭 active,상,,
TS_09_017,결제 관리,충전 내역,화면 노출,payment-history.html 접근,충전 내역 목록 노출,상,,
TS_09_018,결제 관리,충전 내역,기간검색,기간 선택,날짜 피커 동작,중,,
TS_09_019,결제 관리,충전 내역,결제수단 필터,결제수단 드롭다운,필터링된 결과,중,,
TS_09_020,결제 관리,충전 내역,결과 테이블,목록 테이블 확인,날짜/금액/수단/상태 표시,상,,
TS_09_021,결제 관리,충전 내역,페이지네이션,페이지 이동,페이지 전환,중,,
TS_09_022,결제 관리,환불,탭메뉴-환불,환불 탭 활성화,환불 탭 active,상,,
TS_09_023,결제 관리,환불,화면 노출,payment-refund.html 접근,환불 신청 폼 노출,상,,
TS_09_024,결제 관리,환불,환불가능 금액,금액 표시 확인,환불 가능 포인트 표시,상,,
TS_09_025,결제 관리,환불,환불 금액 입력,금액 입력,최대 금액 검증,상,,
TS_09_026,결제 관리,환불,환불 계좌 입력,계좌 정보 입력,은행/계좌번호/예금주,상,,
TS_09_027,결제 관리,환불,환불 신청 버튼,신청 버튼 클릭,환불 신청 완료,상,,
TS_09_028,결제 관리,환불,환불 내역 테이블,환불 이력 확인,신청일/금액/상태 표시,중,,
TS_09_029,결제 관리,세금계산서,탭메뉴-세금계산서,세금계산서 탭 활성화,세금계산서 탭 active,상,,
TS_09_030,결제 관리,세금계산서,화면 노출,payment-tax.html 접근,세금계산서 폼 노출,상,,
TS_09_031,결제 관리,세금계산서,발행대상 선택,충전 건 선택,체크박스 선택,상,,
TS_09_032,결제 관리,세금계산서,사업자정보 입력,사업자정보 확인/입력,사업자번호/상호 등,상,,
TS_09_033,결제 관리,세금계산서,발행 신청 버튼,발행 신청 클릭,발행 신청 완료,상,,
TS_09_034,결제 관리,세금계산서,발행 내역 테이블,발행 이력 확인,발행일/금액/상태 표시,중,,
TS_09_035,결제 관리,세금계산서,세금계산서 다운로드,다운로드 버튼 클릭,PDF 다운로드,중,,
TS_09_036,결제 관리,분배 관리,화면 노출,payment-deposit-distribution.html,분배 관리 폼 노출,중,,
TS_09_037,결제 관리,분배 관리,분배 설정,분배 비율 설정,비율 입력/저장,중,,
TS_10_001,마이페이지,내 정보 수정,탭메뉴-내정보,내 정보 수정 탭 활성화,내 정보 수정 탭 active,상,,
TS_10_002,마이페이지,내 정보 수정,탭메뉴-비밀번호,비밀번호 변경 탭 클릭,mypage-password.html 이동,상,,
TS_10_003,마이페이지,내 정보 수정,탭메뉴-발신번호,발신번호 관리 탭 클릭,mypage-caller-number.html 이동,상,,
TS_10_004,마이페이지,내 정보 수정,화면 노출,mypage-profile.html 접근,내 정보 폼 노출,상,,
TS_10_005,마이페이지,내 정보 수정,아이디 표시,아이디 확인,수정 불가 표시,상,,
TS_10_006,마이페이지,내 정보 수정,이름 수정,이름 입력,수정 가능,중,,
TS_10_007,마이페이지,내 정보 수정,연락처 수정,연락처 입력,전화번호 형식 검증,중,,
TS_10_008,마이페이지,내 정보 수정,가입일 표시,가입일 확인,수정 불가 표시,하,,
TS_10_009,마이페이지,내 정보 수정,저장 버튼,저장 버튼 클릭,정보 수정 완료,상,,
TS_10_010,마이페이지,비밀번호 변경,탭메뉴-비밀번호,비밀번호 변경 탭 활성화,비밀번호 변경 탭 active,상,,
TS_10_011,마이페이지,비밀번호 변경,화면 노출,mypage-password.html 접근,비밀번호 변경 폼 노출,상,,
TS_10_012,마이페이지,비밀번호 변경,현재 비밀번호,현재 비밀번호 입력,필수 입력,상,,
TS_10_013,마이페이지,비밀번호 변경,새 비밀번호,새 비밀번호 입력,규칙 검증 (8자 이상 + 특수문자),상,,
TS_10_014,마이페이지,비밀번호 변경,새 비밀번호 확인,비밀번호 확인 입력,일치 여부 검증,상,,
TS_10_015,마이페이지,비밀번호 변경,변경 버튼,변경 버튼 클릭,비밀번호 변경 완료,상,,
TS_10_016,마이페이지,비밀번호 변경,현재 비밀번호 오류,틀린 비밀번호 입력,에러 메시지,상,,
TS_10_017,마이페이지,비밀번호 변경,새 비밀번호 규칙 오류,규칙 미충족 입력,에러 메시지,상,,
TS_10_018,마이페이지,비밀번호 변경,비밀번호 불일치,확인 불일치 입력,에러 메시지,상,,
TS_10_019,마이페이지,발신번호 관리,탭메뉴-발신번호,발신번호 관리 탭 활성화,발신번호 관리 탭 active,상,,
TS_10_020,마이페이지,발신번호 관리,화면 노출,mypage-caller-number.html 접근,발신번호 목록 노출,상,,
TS_10_021,마이페이지,발신번호 관리,상태필터-전체,전체 필터 클릭,모든 발신번호 표시,중,,
TS_10_022,마이페이지,발신번호 관리,상태필터-승인대기,승인대기 필터 클릭,승인대기 상태만 표시,중,,
TS_10_023,마이페이지,발신번호 관리,상태필터-승인완료,승인완료 필터 클릭,승인완료 상태만 표시,중,,
TS_10_024,마이페이지,발신번호 관리,상태필터-반려,반려 필터 클릭,반려 상태만 표시,중,,
TS_10_025,마이페이지,발신번호 관리,발신번호 등록 버튼,등록 버튼 클릭,등록 모달 오픈,상,,
TS_10_026,마이페이지,발신번호 관리,등록-회원유형 선택,개인/사업자 선택,해당 입력 폼 표시,상,,
TS_10_027,마이페이지,발신번호 관리,등록-번호입력,발신번호 입력,전화번호 형식 검증,상,,
TS_10_028,마이페이지,발신번호 관리,등록-중복확인,확인 버튼 클릭,중복 여부 확인,상,,
TS_10_029,마이페이지,발신번호 관리,등록-본인인증,본인인증 버튼 클릭,휴대폰 본인인증,상,,
TS_10_030,마이페이지,발신번호 관리,등록-서류제출,서류 업로드,파일 업로드,중,,
TS_10_031,마이페이지,발신번호 관리,등록-승인요청,승인요청 버튼 클릭,등록 신청 완료,상,,
TS_10_032,마이페이지,발신번호 관리,결과 테이블,목록 테이블 확인,번호/상태/등록일 표시,상,,
TS_10_033,마이페이지,발신번호 관리,상세보기 버튼,상세보기 클릭,상세 모달,중,,
TS_10_034,마이페이지,발신번호 관리,반려사유 확인,반려사유 클릭,반려 사유 모달,중,,
TS_10_035,마이페이지,발신번호 관리,삭제 버튼,삭제 버튼 클릭,삭제 확인 모달,중,,
TS_10_036,마이페이지,발신번호 관리,페이지네이션,페이지 이동,페이지 전환,중,,
TS_11_001,고객센터,공지사항,화면 노출,support-notice.html 접근,공지사항 목록 노출,상,,
TS_11_002,고객센터,공지사항,검색 입력,검색어 입력,검색 결과 필터링,중,,
TS_11_003,고객센터,공지사항,검색 버튼,검색 버튼 클릭,검색 실행,중,,
TS_11_004,고객센터,공지사항,결과 테이블,목록 테이블 확인,번호/제목/작성일 표시,상,,
TS_11_005,고객센터,공지사항,공지 클릭,제목 클릭,상세 페이지 이동,상,,
TS_11_006,고객센터,공지사항,페이지네이션,페이지 이동,페이지 전환,중,,
TS_11_007,고객센터,공지사항 상세,화면 노출,support-notice-detail.html 접근,공지 상세 내용 노출,상,,
TS_11_008,고객센터,공지사항 상세,제목 표시,제목 확인,공지사항 제목,상,,
TS_11_009,고객센터,공지사항 상세,작성일 표시,작성일 확인,등록일 표시,중,,
TS_11_010,고객센터,공지사항 상세,내용 표시,본문 내용 확인,HTML 내용 렌더링,상,,
TS_11_011,고객센터,공지사항 상세,이전글 버튼,이전글 클릭,이전 공지로 이동,중,,
TS_11_012,고객센터,공지사항 상세,다음글 버튼,다음글 클릭,다음 공지로 이동,중,,
TS_11_013,고객센터,공지사항 상세,목록 버튼,목록 버튼 클릭,공지사항 목록으로 이동,중,,
TS_11_014,고객센터,이벤트,화면 노출,support-event.html 접근,이벤트 목록 노출,상,,
TS_11_015,고객센터,이벤트,진행중 탭,진행중 탭 클릭,진행중 이벤트만 표시,중,,
TS_11_016,고객센터,이벤트,종료 탭,종료 탭 클릭,종료된 이벤트만 표시,중,,
TS_11_017,고객센터,이벤트,이벤트 카드,카드 목록 확인,이미지/제목/기간 표시,상,,
TS_11_018,고객센터,이벤트,이벤트 클릭,카드 클릭,상세 페이지 이동,상,,
TS_11_019,고객센터,이벤트 상세,화면 노출,support-event-detail.html 접근,이벤트 상세 내용 노출,상,,
TS_11_020,고객센터,이벤트 상세,이벤트 기간,기간 표시 확인,시작일~종료일,상,,
TS_11_021,고객센터,이벤트 상세,참여 방법,참여 방법 확인,이벤트 규칙 설명,중,,
TS_11_022,고객센터,이벤트 상세,목록 버튼,목록 버튼 클릭,이벤트 목록으로 이동,중,,
TS_11_023,고객센터,FAQ,화면 노출,support-faq.html 접근,FAQ 목록 노출,상,,
TS_11_024,고객센터,FAQ,검색 입력,검색어 입력,검색 결과 필터링,중,,
TS_11_025,고객센터,FAQ,카테고리-전체,전체 버튼 클릭,모든 FAQ 표시,상,,
TS_11_026,고객센터,FAQ,카테고리-회원/계정,회원/계정 버튼 클릭,해당 카테고리만 표시,중,,
TS_11_027,고객센터,FAQ,카테고리-결제/포인트,결제/포인트 버튼 클릭,해당 카테고리만 표시,중,,
TS_11_028,고객센터,FAQ,카테고리-문자발송,문자발송 버튼 클릭,해당 카테고리만 표시,중,,
TS_11_029,고객센터,FAQ,카테고리-카카오톡,카카오톡 버튼 클릭,해당 카테고리만 표시,중,,
TS_11_030,고객센터,FAQ,카테고리-기타,기타 버튼 클릭,해당 카테고리만 표시,중,,
TS_11_031,고객센터,FAQ,아코디언 펼치기,질문 클릭,답변 영역 펼침,상,,
TS_11_032,고객센터,FAQ,아코디언 접기,열린 질문 클릭,답변 영역 접힘,상,,
TS_11_033,고객센터,FAQ,인기 FAQ,인기 FAQ 클릭,해당 FAQ로 스크롤,중,,
TS_11_034,고객센터,1:1 문의,화면 노출,support-inquiry.html 접근,문의 페이지 노출,상,,
TS_11_035,고객센터,1:1 문의,탭-문의하기,1:1 문의하기 탭 클릭,문의 폼 표시,상,,
TS_11_036,고객센터,1:1 문의,탭-문의내역,1:1 문의내역 탭 클릭,문의 내역 목록 표시,상,,
TS_11_037,고객센터,1:1 문의,문의유형 선택,유형 드롭다운 선택,문의 유형 설정,상,,
TS_11_038,고객센터,1:1 문의,제목 입력,제목 입력,필수 입력 검증,상,,
TS_11_039,고객센터,1:1 문의,내용 입력,내용 입력,필수 입력 검증,상,,
TS_11_040,고객센터,1:1 문의,첨부파일 추가,찾아보기 버튼 클릭,파일 선택 다이얼로그,중,,
TS_11_041,고객센터,1:1 문의,다시쓰기 버튼,다시쓰기 클릭,폼 초기화,중,,
TS_11_042,고객센터,1:1 문의,문의하기 버튼,문의하기 클릭,문의 등록 완료,상,,
TS_11_043,고객센터,1:1 문의,문의내역 테이블,내역 목록 확인,번호/제목/상태/날짜 표시,상,,
TS_11_044,고객센터,1:1 문의,상태-답변대기,답변대기 상태 확인,답변대기 배지 표시,중,,
TS_11_045,고객센터,1:1 문의,상태-답변완료,답변완료 상태 확인,답변완료 배지 표시,중,,
TS_11_046,고객센터,1:1 문의,문의 상세,문의 제목 클릭,상세 내용 펼침/모달,상,,
TS_11_047,고객센터,1:1 문의,답변 확인,답변 내용 확인,답변 내용 표시,상,,
TS_12_001,UI/UX 검증,데스크톱,1920x1080,전체 페이지 확인,정상 레이아웃,상,,
TS_12_002,UI/UX 검증,데스크톱,그리드 레이아웃,그리드 배치 확인,다중 컬럼 배치,상,,
TS_12_003,UI/UX 검증,데스크톱,네비게이션,헤더 메뉴 확인,전체 메뉴 가로 배치,상,,
TS_12_004,UI/UX 검증,노트북,1366x768,전체 페이지 확인,정상 레이아웃,상,,
TS_12_005,UI/UX 검증,노트북,콘텐츠 영역,콘텐츠 너비 확인,적절한 마진/패딩,중,,
TS_12_006,UI/UX 검증,태블릿,768x1024,전체 페이지 확인,반응형 레이아웃 적용,상,,
TS_12_007,UI/UX 검증,태블릿,그리드 변경,그리드 배치 확인,2컬럼 → 1컬럼 변경,상,,
TS_12_008,UI/UX 검증,태블릿,네비게이션,헤더 메뉴 확인,햄버거 메뉴 또는 축소,상,,
TS_12_009,UI/UX 검증,태블릿,테이블 스크롤,테이블 확인,가로 스크롤 또는 축소,중,,
TS_12_010,UI/UX 검증,모바일,375x667,전체 페이지 확인,모바일 레이아웃 적용,상,,
TS_12_011,UI/UX 검증,모바일,단일 컬럼,콘텐츠 배치 확인,1컬럼 수직 배치,상,,
TS_12_012,UI/UX 검증,모바일,햄버거 메뉴,메뉴 버튼 클릭,사이드 메뉴 슬라이드,상,,
TS_12_013,UI/UX 검증,모바일,터치 인터랙션,버튼/링크 터치,터치 영역 적절 (44px+),상,,
TS_12_014,UI/UX 검증,모바일,폼 입력,입력 필드 터치,키보드 정상 노출,상,,
TS_12_015,UI/UX 검증,모바일,드롭다운,드롭다운 터치,옵션 선택 가능,중,,
TS_12_016,UI/UX 검증,모바일,모달,모달 노출 확인,전체 화면 또는 적절 크기,중,,
TS_12_017,UI/UX 검증,Chrome,최신버전,전체 기능 테스트,정상 동작,상,,
TS_12_018,UI/UX 검증,Chrome,렌더링,스타일 확인,CSS 정상 적용,상,,
TS_12_019,UI/UX 검증,Chrome,JavaScript,기능 동작 확인,JS 정상 실행,상,,
TS_12_020,UI/UX 검증,Safari,최신버전,전체 기능 테스트,정상 동작,상,,
TS_12_021,UI/UX 검증,Safari,렌더링,스타일 확인,CSS 정상 적용,상,,
TS_12_022,UI/UX 검증,Safari,JavaScript,기능 동작 확인,JS 정상 실행,상,,
TS_12_023,UI/UX 검증,Firefox,최신버전,전체 기능 테스트,정상 동작,중,,
TS_12_024,UI/UX 검증,Firefox,렌더링,스타일 확인,CSS 정상 적용,중,,
TS_12_025,UI/UX 검증,Firefox,JavaScript,기능 동작 확인,JS 정상 실행,중,,
TS_12_026,UI/UX 검증,Edge,최신버전,전체 기능 테스트,정상 동작,중,,
TS_12_027,UI/UX 검증,Edge,렌더링,스타일 확인,CSS 정상 적용,중,,
TS_12_028,UI/UX 검증,Edge,JavaScript,기능 동작 확인,JS 정상 실행,중,,
